"builder.Entity<Club>().HasData(new Club { City = Ansbach""";"Name = ""Kanu-Sportclub Ansbach""";"VNr = ""02-001""";NULL;"ShortName = ""Ansbach"" });"
"builder.Entity<Club>().HasData(new Club { City = Aschaffenburg""";"Name = ""SSKC Poseidon Aschaffenburg Kanuabt.""";"VNr = ""02-002""";NULL;"ShortName = ""Aschaffenburg"" });"
"builder.Entity<Club>().HasData(new Club { City = Bad Dürrenberg""";"Name = ""KC Bad Dürrenberg e.V.""";"VNr = ""16-025""";NULL;"ShortName = ""Bad Dürrenberg"" });"
"builder.Entity<Club>().HasData(new Club { City = Bad Lobenstein""";"Name = ""Kanuteam Thüringen e.V.""";"VNr = ""18-031""";NULL;"ShortName = ""Bad Lobenstein"" });"
"builder.Entity<Club>().HasData(new Club { City = Bamberg""";"Name = ""Bamberger Faltbootclub""";"VNr = ""02-006""";NULL;"ShortName = ""Bamberg"" });"
"builder.Entity<Club>().HasData(new Club { City = Barby""";"Name = """"SSV """"Blau-Weiß"""" 04 Barby e.V.""""";"VNr = ""16-041""";NULL;"ShortName = ""Barby"" });"
"builder.Entity<Club>().HasData(new Club { City = Bederkesa""";"Name = ""Wassersportverein Bederkesa e.V.""";"VNr = ""09-006""";NULL;"ShortName = ""Bederkesa"" });"
"builder.Entity<Club>().HasData(new Club { City = Berlin""";"Name = ""Sportclub Berlin-Grünau e. V., Abt. Kanu""";"VNr = ""03-050""";NULL;"ShortName = ""Berlin-Grünau"" });"
"builder.Entity<Club>().HasData(new Club { City = Berlin""";"Name = """"Berliner Kanu Club """"Borussia"""" e. V.""""";"VNr = ""03-001""";NULL;"ShortName = ""Borussia"" });"
"builder.Entity<Club>().HasData(new Club { City = Berlin""";"Name = ""Grünauer Kanuverein 1990 e. V.""";"VNr = ""03-042""";NULL;"ShortName = ""GKV"" });"
"builder.Entity<Club>().HasData(new Club { City = Berlin""";"Name = ""Kanu-Gemeinschaft Tegel e. V.""";"VNr = ""03-063""";NULL;"ShortName = ""KG Tegel"" });"
"builder.Entity<Club>().HasData(new Club { City = Berlin""";"Name = ""Kanusport-Verein Neu Ahlbeck e. V.""";"VNr = ""03-060""";NULL;"ShortName = ""KV Neu Ahlbeck"" });"
"builder.Entity<Club>().HasData(new Club { City = Berlin""";"Name = ""Köpenicker Sport-Club e. V.""";"VNr = ""03-043""";NULL;"ShortName = ""Köpenicker SC"" });"
"builder.Entity<Club>().HasData(new Club { City = Berlin""";"Name = ""Berliner Kanu Club Rotation e. V.""";"VNr = ""03-049""";NULL;"ShortName = ""KC Rotation"" });"
"builder.Entity<Club>().HasData(new Club { City = Berlin""";"Name = ""Blau-Gelb-Köpenick e.V.""";"VNr = ""03-065""";NULL;"ShortName = ""BG Köpenick"" });"
"builder.Entity<Club>().HasData(new Club { City = Berlin""";"Name = ""Ruder- und Kanu-Verein 1928 e.V.""";"VNr = ""03-020""";NULL;"ShortName = ""RKV Berlin"" });"
"builder.Entity<Club>().HasData(new Club { City = Berlin""";"Name = ""Wassersportclub Blau-Weiß Tegel e.V.""";"VNr = ""03-029""";NULL;"ShortName = ""BW Tegel"" });"
"builder.Entity<Club>().HasData(new Club { City = Berlin""";"Name = ""Kajak-Club Nord-West 1925 e.V.""";"VNr = ""03-006""";NULL;"ShortName = ""KC Nord-West"" });"
"builder.Entity<Club>().HasData(new Club { City = Berlin""";"Name = """"Paddelclub """"Gut Naß"""" Tegel 1924 e.V.""""";"VNr = ""03-014""";NULL;"ShortName = ""Gut Naß Tegel"" });"
"builder.Entity<Club>().HasData(new Club { City = Berlin""";"Name = ""Turngemeinde in Berlin 1848 e.V., Kanuabteilung Oberspree""";"VNr = ""03-023_2""";NULL;"ShortName = ""Turngemeinde"" });"
"builder.Entity<Club>().HasData(new Club { City = Berlin""";"Name = ""Kanuklub Charlottenburg e.V.""";"VNr = ""03-010""";"EMail = ""webmaster@kanuklub-charlottenburg.de""";"ShortName = ""KC Charlottenburg"" });"
"builder.Entity<Club>().HasData(new Club { City = Berlin""";"Name = ""Kanu Team Berlin e. V.""";"VNr = ""03-064""";NULL;"ShortName = ""KT Berlin"" });"
"builder.Entity<Club>().HasData(new Club { City = Berlin""";"Name = ""Pro Sport Berlin 24 e.V., Kanuabteilung (ehemals Post SV Berlin)""";"VNr = ""03-017""";NULL;"ShortName = ""Pro Sport Berlin"" });"
"builder.Entity<Club>().HasData(new Club { City = Berlin""";"Name = ""Heiligenseer Kanu-Club e.V.""";"VNr = ""03-004""";NULL;"ShortName = ""Heiligenseer KC"" });"
"builder.Entity<Club>().HasData(new Club { City = Berlin""";"Name = ""Verein für Kanusport Berlin e.V.""";"VNr = ""03-024""";NULL;"ShortName = ""Verein KS Berlin"" });"
"builder.Entity<Club>().HasData(new Club { City = Berlin""";"Name = ""Wander-Paddler-Havel e. V.""";"VNr = ""03-027""";NULL;"ShortName = ""WP Havel"" });"
"builder.Entity<Club>().HasData(new Club { City = Berlin""";"Name = ""Kajak-Club Albatros 1926 e.V.""";"VNr = ""03-005""";"EMail = ""thorstenschwerdtfeger@msn.com""";"ShortName = ""KC Albatros"" });"
"builder.Entity<Club>().HasData(new Club { City = Berlin""";"Name = ""Berliner Sportverein Akademie d.Wissenschaften e.V., Kanuabt.""";"VNr = ""03-053""";NULL;"ShortName = ""AdW Berlin"" });"
"builder.Entity<Club>().HasData(new Club { City = Berlin""";"Name = ""Köpenicker Kanusportclub e. V.""";"VNr = ""03-045""";NULL;"ShortName = ""Köpenicker KC"" });"
"builder.Entity<Club>().HasData(new Club { City = Bernburg""";"Name = ""Bernburger-Wassersport-Verein e.V.""";"VNr = ""16-030""";NULL;"ShortName = ""Bernburger WSV"" });"
"builder.Entity<Club>().HasData(new Club { City = Bitburg""";"Name = ""Turnverein Bitburg 1911 e.V. Kanuabteilung""";"VNr = ""13-001""";NULL;"ShortName = ""TV Bitburg"" });"
"builder.Entity<Club>().HasData(new Club { City = Bochum""";"Name = ""Bochumer Kanu-Club e.V.""";"VNr = ""10-016""";NULL;"ShortName = ""Bochumer KC"" });"
"builder.Entity<Club>().HasData(new Club { City = Bochum""";"Name = ""Linden-Dahlhauser Kanu-Club e.V.""";"VNr = ""10-018""";NULL;"ShortName = ""Linden-Dahlhauser KC"" });"
"builder.Entity<Club>().HasData(new Club { City = Bochum""";"Name = ""Kanu-Club Wiking Bochum 1951 e.V.""";"VNr = ""10-017""";NULL;"ShortName = ""KC Wiking"" });"
"builder.Entity<Club>().HasData(new Club { City = Borna""";"Name = ""SV Blau-Gelb Borna e.V.""";"VNr = ""15-010""";NULL;"ShortName = ""SV Borna"" });"
"builder.Entity<Club>().HasData(new Club { City = Bornheim""";"Name = ""Herseler Wassersportverein 1930 e.V.""";"VNr = ""10-155""";NULL;"ShortName = ""Herseler WSV"" });"
"builder.Entity<Club>().HasData(new Club { City = Bramsche""";"Name = ""Turn- u. Sportverein Bramsche, Kanu-Abteilung""";"VNr = ""09-009""";NULL;"ShortName = ""TuS Bramsche"" });"
"builder.Entity<Club>().HasData(new Club { City = Brandenburg""";"Name = """"Brandenburger Kanuverein """"Freie Wasserfahrer 1925"""" e.V.""""";"VNr = ""04-020""";NULL;"ShortName = ""Freie Wasserfahrer"" });"
"builder.Entity<Club>().HasData(new Club { City = Brandenburg""";"Name = ""Wassersportverein Stahl Beetzsee Brandenburg e.V., Kanu""";"VNr = ""04-028""";NULL;"ShortName = ""WSV Stahl Beetzsee"" });"
"builder.Entity<Club>().HasData(new Club { City = Brandenburg""";"Name = ""Brandenburger Sport-Club Süd 05 e.V. Abteilung Kanu""";"VNr = ""04-006""";NULL;"ShortName = ""Brandenburger SC Süd"" });"
"builder.Entity<Club>().HasData(new Club { City = Braunsbedra OT Großkayna""";"Name = ""SV Großkayna 1922 e.V.""";"VNr = ""16-065""";NULL;"ShortName = ""SV Großkayna"" });"
"builder.Entity<Club>().HasData(new Club { City = Bremen""";"Name = ""Störtebeker Bremer Paddelsport e.V von 1924""";"VNr = ""05-015""";NULL;"ShortName = ""Störtebeker PS"" });"
"builder.Entity<Club>().HasData(new Club { City = Bremen""";"Name = ""Turn- und Rasensportverein Bremen e.V.""";"VNr = ""05-017""";NULL;"ShortName = ""TuRSV Bremen"" });"
"builder.Entity<Club>().HasData(new Club { City = Bremen""";"Name = ""Verein für Kanusport Bremen e.V.""";"VNr = ""05-018""";NULL;"ShortName = ""VfK Bremen"" });"
"builder.Entity<Club>().HasData(new Club { City = Burg""";"Name = ""WSF Burg 1924 e.V.""";"VNr = ""16-012""";NULL;"ShortName = ""WSF Burg"" });"
"builder.Entity<Club>().HasData(new Club { City = Calbe""";"Name = ""TSG Calbe e.V. Abt. Kanu""";"VNr = ""16-032""";NULL;"ShortName = ""TSG Calbe"" });"
"builder.Entity<Club>().HasData(new Club { City = Coburg""";"Name = ""Paddel u. Segelclub Coburg-Schney 1926 e.V.""";"VNr = ""02-012""";NULL;"ShortName = ""PuS Coburg"" });"
"builder.Entity<Club>().HasData(new Club { City = Coburg""";"Name = ""Schwimmverein Coburg Faltbootabteilung""";"VNr = ""02-013""";NULL;"ShortName = ""SV Coburg"" });"
"builder.Entity<Club>().HasData(new Club { City = Colditz""";"Name = ""Colditzer Kanu- und Sportverein e.V.""";"VNr = ""15-066""";"EMail = ""zyma.randy@web.de""";"ShortName = ""Colditzer KSV"" });"
"builder.Entity<Club>().HasData(new Club { City = Cottbus""";"Name = ""Eisenbahnersportverein Lok RAW Cottbus e.V. Kanuabt.""";"VNr = ""04-013""";NULL;"ShortName = ""ESV Lok Cottbus"" });"
"builder.Entity<Club>().HasData(new Club { City = Darmstadt""";"Name = ""Darmstädter TSG 1846 - Kanuabteilung""";"VNr = ""07-003""";NULL;"ShortName = ""Darmstädter TSG"" });"
"builder.Entity<Club>().HasData(new Club { City = Datteln""";"Name = ""Kanuten Emscher Lippe e.V. Datteln""";"VNr = ""10-038""";NULL;"ShortName = ""Emscher Lippe"" });"
"builder.Entity<Club>().HasData(new Club { City = Dillingen""";"Name = ""Kanu-Club Dillingen e.V./Saar""";"VNr = ""14-002""";NULL;"ShortName = ""KC Dillingen"" });"
"builder.Entity<Club>().HasData(new Club { City = Döbeln""";"Name = ""Eisenbahnersportverein Lokomotive Döbeln e.V.""";"VNr = ""15-005""";"EMail = ""husky24@gmx.de""";"ShortName = ""ESV Lok Döbeln"" });"
"builder.Entity<Club>().HasData(new Club { City = Dortmund""";"Name = ""Freier Sportverein von 1898 Dortmund e.V.,Kanu-Abtl.""";"VNr = ""10-043""";NULL;"ShortName = ""FSV Dortmund"" });"
"builder.Entity<Club>().HasData(new Club { City = Dresden""";"Name = ""Sportverein TuR Dresden e.V. Kanuabt.""";"VNr = ""15-055""";NULL;"ShortName = ""TuR Dresden"" });"
"builder.Entity<Club>().HasData(new Club { City = Dresden""";"Name = ""Eisenbahner Sportverein Dresden e.V.""";"VNr = ""15-027""";NULL;"ShortName = ""ESV Dresden"" });"
"builder.Entity<Club>().HasData(new Club { City = Dresden""";"Name = ""Kanuverein Laubegast e.V. Dresden""";"VNr = ""15-039""";NULL;"ShortName = ""KV Laubegast"" });"
"builder.Entity<Club>().HasData(new Club { City = Dresden""";"Name = ""TSV Rotation Dresden 1990 e.V. Kanuabt.""";"VNr = ""15-013""";"EMail = ""rennsportwart@tsv-rotation-kanurennsport.de""";"ShortName = ""TSV Rotation"" });"
"builder.Entity<Club>().HasData(new Club { City = Dresden""";"Name = ""Verein Kanusport Dresden e.V.""";"VNr = ""15-011""";NULL;"ShortName = ""VK Dresden"" });"
"builder.Entity<Club>().HasData(new Club { City = Dresden""";"Name = """"Wassersportverein """"Am Blauen Wunder"""" e.V. Dresden""""";"VNr = ""15-059""";"EMail = ""burkhama@freenet.de""";"ShortName = ""BW Dresden"" });"
"builder.Entity<Club>().HasData(new Club { City = Dresden""";"Name = ""Kanu-Club Dresden e.V.""";"VNr = ""15-026""";NULL;"ShortName = ""KC Dresden"" });"
"builder.Entity<Club>().HasData(new Club { City = Duisburg""";"Name = ""Bertasee Duisburg e.V.""";"VNr = ""10-067""";NULL;"ShortName = ""Bertasee"" });"
"builder.Entity<Club>().HasData(new Club { City = Duisburg""";"Name = ""ESV Grün-Weiß-Meiderich e.V., Kanuabteilung""";"VNr = ""10-071""";NULL;"ShortName = ""ESV GW Meiderich"" });"
"builder.Entity<Club>().HasData(new Club { City = Duisburg""";"Name = ""Wassersportverein Niederrhein e.V. Duisburg""";"VNr = ""10-084""";NULL;"ShortName = ""WSV Niederrhein"" });"
"builder.Entity<Club>().HasData(new Club { City = Düsseldorf""";"Name = ""Wassersportverein Rheintreue Düsseldorf e.V.""";"VNr = ""10-063""";NULL;"ShortName = ""WSV Rheintreue"" });"
"builder.Entity<Club>().HasData(new Club { City = Düsseldorf""";"Name = ""Düsseldorfer Kanu-Club e.V.""";"VNr = ""10-050""";NULL;"ShortName = ""Düsseldorfer KC"" });"
"builder.Entity<Club>().HasData(new Club { City = Eberswalde-Finow""";"Name = ""Sportvereinigung Stahl Finow e.V. Sek. Kanu""";"VNr = ""04-016""";NULL;"ShortName = ""SV Stahl Finow"" });"
"builder.Entity<Club>().HasData(new Club { City = Eberswalde-Finow""";"Name = """"Eberswalder Sportverein """"Empor"""" e.V. Kanuabt.""""";"VNr = ""04-022""";NULL;"ShortName = ""SV Empor"" });"
"builder.Entity<Club>().HasData(new Club { City = Eisenhüttenstadt""";"Name = ""Kanu-Verein Brandenburger Adler e. V.""";"VNr = ""04-040""";NULL;"ShortName = ""KV Adler"" });"
"builder.Entity<Club>().HasData(new Club { City = Eisenhüttenstadt""";"Name = ""Kanucentrum 1957 Eisenhüttenstadt e.V.""";"VNr = ""04-001""";NULL;"ShortName = ""KC Eisenhüttenstadt"" });"
"builder.Entity<Club>().HasData(new Club { City = Elze""";"Name = ""CJD Elze Leichtathletik e.V.""";"VNr = ""09-024""";NULL;"ShortName = ""CJD Elze"" });"
"builder.Entity<Club>().HasData(new Club { City = Emsdetten""";"Name = ""Canu-Club Emsdetten 1950 e.V.""";"VNr = ""10-087""";NULL;"ShortName = ""CC Emsdetten"" });"
"builder.Entity<Club>().HasData(new Club { City = Erlangen""";"Name = ""Naturfreunde Deutschlands, OG Erlangen""";"VNr = ""02-020""";NULL;"ShortName = ""NFD Erlangen"" });"
"builder.Entity<Club>().HasData(new Club { City = Esens""";"Name = ""Wassersportverein Harle e.V.""";"VNr = ""09-001""";NULL;"ShortName = ""WSV Harle"" });"
"builder.Entity<Club>().HasData(new Club { City = Essen""";"Name = ""Eisenbahner-Sportverein Essen Kupferdreh e.V.""";"VNr = ""10-092""";NULL;"ShortName = ""ESV Essen"" });"
"builder.Entity<Club>().HasData(new Club { City = Essen""";"Name = ""Schwimmverein Steele 1911 e.V., Kanuabteilung""";"VNr = ""10-113""";NULL;"ShortName = ""SV Steele"" });"
"builder.Entity<Club>().HasData(new Club { City = Essen""";"Name = ""Kanusport-Gemeinschaft Essen e.V.""";"VNr = ""10-105""";NULL;"ShortName = ""KG Essen"" });"
"builder.Entity<Club>().HasData(new Club { City = Essen""";"Name = ""Steeler Kanu Club e.V.""";"VNr = ""10-114""";NULL;"ShortName = ""Steeler KC"" });"
"builder.Entity<Club>().HasData(new Club { City = Essen""";"Name = ""Kanu-Regatta-Verein Baldeneysee e.V. Essen""";"VNr = ""10-506""";NULL;"ShortName = ""KRV Baldeneysee"" });"
"builder.Entity<Club>().HasData(new Club { City = Esslingen""";"Name = ""KV Esslingen""";"VNr = ""01-105""";NULL;"ShortName = ""KV Esslingen"" });"
"builder.Entity<Club>().HasData(new Club { City = Esslingen""";"Name = ""Sportvereinigung 1845 Esslingen e.V., Kanuabtl.""";"VNr = ""01-106""";NULL;"ShortName = ""SV Esslingen"" });"
"builder.Entity<Club>().HasData(new Club { City = Flecken Zechlin""";"Name = ""Wassersportverein Zechlin e.V.""";"VNr = ""04-046""";NULL;"ShortName = ""WSV Zechlin"" });"
"builder.Entity<Club>().HasData(new Club { City = Flensburg""";"Name = ""Flensburger Paddelfreunde e.V.""";"VNr = ""17-009""";NULL;"ShortName = ""Flensburger PF"" });"
"builder.Entity<Club>().HasData(new Club { City = Flöha""";"Name = ""Kanusportverein 1928 Flöha e.V.""";"VNr = ""15-006""";"EMail = ""ksv-floeha@t-online.de""";"ShortName = ""KSV Flöha"" });"
"builder.Entity<Club>().HasData(new Club { City = Forst""";"Name = ""Sportgemeinschaft Turbine Forst/Lausitz e.V. Sek. Kanu""";"VNr = ""04-009""";NULL;"ShortName = ""SGTF Lausitz"" });"
"builder.Entity<Club>().HasData(new Club { City = Frankfurt/M.""";"Name = ""Frankfurter Ruder- u. Kanusportverein Sachsenhausen v. 1898 e.V.""";"VNr = ""07-015""";NULL;"ShortName = ""FFRKV Sachsenhausen"" });"
"builder.Entity<Club>().HasData(new Club { City = Frankfurt/M.""";"Name = ""Frankfurter Kanu-Verein 1913 e.V.""";"VNr = ""07-014""";NULL;"ShortName = ""FFKV"" });"
"builder.Entity<Club>().HasData(new Club { City = Friedersdorf""";"Name = ""WSC Friedersdorf 1949 e.V.""";"VNr = ""16-016""";NULL;"ShortName = ""WSC Friedersdorf"" });"
"builder.Entity<Club>().HasData(new Club { City = Friedrichshafen""";"Name = ""KSF Friedrichshafen""";"VNr = ""01-109""";NULL;"ShortName = ""KSF Friedrichshafen"" });"
"builder.Entity<Club>().HasData(new Club { City = Fürth""";"Name = ""TV Fürth 1860 Kanuabt.""";"VNr = ""02-024""";NULL;"ShortName = ""TV Fürth"" });"
"builder.Entity<Club>().HasData(new Club { City = Gelsenkirchen""";"Name = ""Gelsenkirchener Kanu-Club e.V.""";"VNr = ""10-121""";NULL;"ShortName = ""Gelsenkirchener KC"" });"
"builder.Entity<Club>().HasData(new Club { City = Gemünden""";"Name = ""KT Main-Spessart""";"VNr = ""02-164""";NULL;"ShortName = ""KT Main-Spessart"" });"
"builder.Entity<Club>().HasData(new Club { City = Gemünden""";"Name = ""Kanu und Ski-Club 1929 e.V. Gemünden am Main""";"VNr = ""02-028""";NULL;"ShortName = ""KSC Gemünden"" });"
"builder.Entity<Club>().HasData(new Club { City = Gemünden""";"Name = ""White Water Company Gemünden""";"VNr = ""02-145""";NULL;"ShortName = ""WWC Gemünden"" });"
"builder.Entity<Club>().HasData(new Club { City = Genthin""";"Name = ""SV Chemie Genthin e.V., Sek. Kanu""";"VNr = ""16-031""";NULL;"ShortName = ""SVC Genthin"" });"
"builder.Entity<Club>().HasData(new Club { City = Geringswalde""";"Name = ""Kanuverein Geringswalde e.V.""";"VNr = ""15-062""";"EMail = ""ines.naarmann@web.de""";"ShortName = ""KV Geringswalde"" });"
"builder.Entity<Club>().HasData(new Club { City = Gießen""";"Name = ""SKC Gießen""";"VNr = ""07-025""";NULL;"ShortName = ""SKC Gießen"" });"
"builder.Entity<Club>().HasData(new Club { City = Ginsheim""";"Name = ""KV Ginsheim-Gustavsburg""";"VNr = ""07-027""";NULL;"ShortName = ""KV Ginsheim"" });"
"builder.Entity<Club>().HasData(new Club { City = Görlitz""";"Name = """"NSV """"Gelb-Weiß"""" Görlitz e.V. Kanuabt.""""";"VNr = ""15-032""";NULL;"ShortName = ""NSV Görlitz"" });"
"builder.Entity<Club>().HasData(new Club { City = Göttingen""";"Name = ""Vereinigung für Kanurennsport Nord (VKN)""";"VNr = ""09-252""";NULL;"ShortName = ""VKN Göttingen"" });"
"builder.Entity<Club>().HasData(new Club { City = Göttingen""";"Name = ""Turn- und Wassersportverein Göttingen von 1861 e.V.""";"VNr = ""09-030""";NULL;"ShortName = ""TuW Göttingen"" });"
"builder.Entity<Club>().HasData(new Club { City = Göttingen""";"Name = ""Göttinger Paddler-Club e.V.""";"VNr = ""09-028""";NULL;"ShortName = ""Göttinger PC"" });"
"builder.Entity<Club>().HasData(new Club { City = Güsen""";"Name = ""Güsener Handball-Club e.V.""";"VNr = ""16-045""";NULL;"ShortName = ""Güsener HC"" });"
"builder.Entity<Club>().HasData(new Club { City = Güstrow""";"Name = ""Kanu-Sportverein Güstrow e.V.""";"VNr = ""08-022""";NULL;"ShortName = ""KSV Güstrow"" });"
"builder.Entity<Club>().HasData(new Club { City = Haldensleben""";"Name = ""WSV Haldensleben e.V. Abt. Kanu""";"VNr = ""16-007""";NULL;"ShortName = ""WSV Haldensleben"" });"
"builder.Entity<Club>().HasData(new Club { City = Halle""";"Name = ""Kanuverein 96 Halle e.V.""";"VNr = ""16-023""";NULL;"ShortName = ""KV 96 Halle"" });"
"builder.Entity<Club>().HasData(new Club { City = Halle""";"Name = ""Hallescher Kanu-Club 54 e.V.""";"VNr = ""16-026""";NULL;"ShortName = ""Hallescher KC"" });"
"builder.Entity<Club>().HasData(new Club { City = Hamburg""";"Name = ""Verein für Leibesübungen von 1893 e.V., Sparte Wassersport""";"VNr = ""06-020""";NULL;"ShortName = ""VfL Hamburg"" });"
"builder.Entity<Club>().HasData(new Club { City = Hamburg""";"Name = ""Hanseat Verein für Wassersport e.V.""";"VNr = ""06-012""";NULL;"ShortName = ""Hanseat VfW"" });"
"builder.Entity<Club>().HasData(new Club { City = Hamburg""";"Name = ""Bergedorfer Kanu Club v. 1953 e.V.""";"VNr = ""06-005""";NULL;"ShortName = ""Bergedorfer KC"" });"
"builder.Entity<Club>().HasData(new Club { City = Hamburg""";"Name = ""Alster Canoe Club e.V.""";"VNr = ""06-002""";NULL;"ShortName = ""Alster CC"" });"
"builder.Entity<Club>().HasData(new Club { City = Hamburg""";"Name = ""Freier Wassersportverein Vorwärts e.V.""";"VNr = ""06-009""";NULL;"ShortName = ""FWV Vorwärts"" });"
"builder.Entity<Club>().HasData(new Club { City = Hamburg""";"Name = ""Sportvereinigung Polizei von 1920 e.V., Wassersportabteilung""";"VNr = ""06-018""";NULL;"ShortName = ""SVG Polizei HH"" });"
"builder.Entity<Club>().HasData(new Club { City = Hamburg""";"Name = ""Harburger Kanu-Club von 1922 e.V.""";"VNr = ""06-013""";NULL;"ShortName = ""Harburger KC"" });"
"builder.Entity<Club>().HasData(new Club { City = Hamburg""";"Name = ""Oberalster Verein für Wassersport e.V.""";"VNr = ""06-016""";NULL;"ShortName = ""Oberalster VfW"" });"
"builder.Entity<Club>().HasData(new Club { City = Hamburg""";"Name = ""Hamburger Kanu-Club e.V.""";"VNr = ""06-010""";NULL;"ShortName = ""Hamburger KC"" });"
"builder.Entity<Club>().HasData(new Club { City = Hamburg""";"Name = ""Alstereck Verein für Wassersport e.V.""";"VNr = ""06-003""";NULL;"ShortName = ""Alstereck VfW"" });"
"builder.Entity<Club>().HasData(new Club { City = Hameln""";"Name = ""Kanu-Club Hameln e.V.""";"VNr = ""09-034""";NULL;"ShortName = ""KC Hameln"" });"
"builder.Entity<Club>().HasData(new Club { City = Hamm""";"Name = ""DJK Wassersport Hamm e.V.""";"VNr = ""10-137""";NULL;"ShortName = ""DJK Hamm"" });"
"builder.Entity<Club>().HasData(new Club { City = Hamm""";"Name = ""Kanu-Verein 45 Herringen e.V.""";"VNr = ""10-154""";NULL;"ShortName = ""KV Herringen"" });"
"builder.Entity<Club>().HasData(new Club { City = Hamm""";"Name = ""Kanu-Ring e.V. Hamm""";"VNr = ""10-140""";NULL;"ShortName = ""KR Hamm"" });"
"builder.Entity<Club>().HasData(new Club { City = Hamm""";"Name = ""Kanu-Verein Hamm e.V.""";"VNr = ""10-141""";NULL;"ShortName = ""KV Hamm"" });"
"builder.Entity<Club>().HasData(new Club { City = Hann. Münden""";"Name = ""Mündener Kanu-Club e.V.""";"VNr = ""09-048""";NULL;"ShortName = ""Mündener KC"" });"
"builder.Entity<Club>().HasData(new Club { City = Hannover""";"Name = ""Hannoverscher Kanu-Club v. 1921 e.V.""";"VNr = ""09-036""";NULL;"ShortName = ""Hannoverscher KC"" });"
"builder.Entity<Club>().HasData(new Club { City = Hannover""";"Name = ""Kanu-Club Limmer e.V.""";"VNr = ""09-037""";NULL;"ShortName = ""KC Limmer"" });"
"builder.Entity<Club>().HasData(new Club { City = Hannover""";"Name = ""Sport Club Hannover e.V. -Kanu-""";"VNr = ""09-238""";NULL;"ShortName = ""SC Hannover"" });"
"builder.Entity<Club>().HasData(new Club { City = Havelberg""";"Name = ""Havelberger WSV e.V.""";"VNr = ""16-009""";NULL;"ShortName = ""Havelberger WSV"" });"
"builder.Entity<Club>().HasData(new Club { City = Heidelberg""";"Name = ""Wassersportclub 1931 Heidelberg-Neuenheim e.V.""";"VNr = ""01-013""";NULL;"ShortName = ""WSV Heidelberg"" });"
"builder.Entity<Club>().HasData(new Club { City = Heilbronn""";"Name = ""TSG Heilbronn""";"VNr = ""01-112""";NULL;"ShortName = ""TSG Heilbronn"" });"
"builder.Entity<Club>().HasData(new Club { City = Heilbronn""";"Name = ""Sportverein Union 08 Böckingen e.V. Kanu-Abtl.""";"VNr = ""01-103""";NULL;"ShortName = ""SV Böckingen"" });"
"builder.Entity<Club>().HasData(new Club { City = Herdecke""";"Name = ""Herdecker Kanu-Club 1925 e.V.""";"VNr = ""10-150""";NULL;"ShortName = ""Herdecker KC"" });"
"builder.Entity<Club>().HasData(new Club { City = Herford""";"Name = ""Herforder Kanu-Klub e.V.""";"VNr = ""10-151""";NULL;"ShortName = ""Herforder KK"" });"
"builder.Entity<Club>().HasData(new Club { City = Hof""";"Name = ""Kanu Rennsport Vereinigung Hof e.V.""";"VNr = ""02-151""";NULL;"ShortName = ""KRV Hof"" });"
"builder.Entity<Club>().HasData(new Club { City = Hof""";"Name = ""Schwimmverein Hof 1911 e.V. Kanuabt.""";"VNr = ""02-037""";NULL;"ShortName = ""SV Hof"" });"
"builder.Entity<Club>().HasData(new Club { City = Hof""";"Name = ""Faltboot-Club Hof 1932 e.V.""";"VNr = ""02-035""";NULL;"ShortName = ""FC Hof"" });"
"builder.Entity<Club>().HasData(new Club { City = Jena""";"Name = ""USV Jena e.V. Abt. Kanu""";"VNr = ""18-013""";NULL;"ShortName = ""USV Jena"" });"
"builder.Entity<Club>().HasData(new Club { City = Jeßnitz""";"Name = ""Kanu-Club Jeßnitz/Anhalt e.V.""";"VNr = ""16-036""";NULL;"ShortName = ""KC Jeßnitz"" });"
"builder.Entity<Club>().HasData(new Club { City = Kaiserslautern""";"Name = ""1. Ski- und Kanu-Club Kaiserslautern e.V.""";"VNr = ""11-004""";NULL;"ShortName = ""KC Kaiserslautern"" });"
"builder.Entity<Club>().HasData(new Club { City = Kaiserslautern""";"Name = ""Paddlergilde Kaiserslautern 1926 e.V.""";"VNr = ""11-005""";NULL;"ShortName = ""PG Kaiserslautern"" });"
"builder.Entity<Club>().HasData(new Club { City = Karlsruhe""";"Name = ""Rheinbrüder Karlsruhe e.V. Kanu-Segel-Skiclub""";"VNr = ""01-019""";NULL;"ShortName = ""RB Karlsruhe"" });"
"builder.Entity<Club>().HasData(new Club { City = Kassel""";"Name = ""Kanu-Sport Kassel e.V.""";"VNr = ""07-038""";NULL;"ShortName = ""KS Kassel"" });"
"builder.Entity<Club>().HasData(new Club { City = Kassel""";"Name = ""PSV Grün-Weiß Kassel""";"VNr = ""07-041""";NULL;"ShortName = ""PSV Kassel"" });"
"builder.Entity<Club>().HasData(new Club { City = Kassel""";"Name = ""WVC Cassel""";"VNr = ""07-079""";NULL;"ShortName = ""WVC Cassel"" });"
"builder.Entity<Club>().HasData(new Club { City = Kelheim""";"Name = ""Kanu-Club Kelheim e.V.""";"VNr = ""02-041""";NULL;"ShortName = ""KC Kelheim"" });"
"builder.Entity<Club>().HasData(new Club { City = Kiel""";"Name = ""TUS Gaarden e.V. - Kanuabt.""";"VNr = ""17-016""";NULL;"ShortName = ""TUS Gaarden"" });"
"builder.Entity<Club>().HasData(new Club { City = Kiel""";"Name = ""TSV Klausdorf von 1916 e.V. - Kanuabt.""";"VNr = ""17-017""";NULL;"ShortName = ""TSV Klausdorf"" });"
"builder.Entity<Club>().HasData(new Club { City = Kiel""";"Name = ""Kieler Kanu-Klub von 1921 e.V.""";"VNr = ""17-015""";NULL;"ShortName = ""Kieler KK"" });"
"builder.Entity<Club>().HasData(new Club { City = Kiel""";"Name = ""Ellerbeker Turnvereinigung von 1886 e.V., Kanuabtl.""";"VNr = ""17-006""";NULL;"ShortName = ""Ellerbeker TV"" });"
"builder.Entity<Club>().HasData(new Club { City = Kirchmöser""";"Name = ""Eisenbahnersportverein Kirchmöser e.V. Kanuabt.""";"VNr = ""04-024""";NULL;"ShortName = ""ESV Kirchmöser"" });"
"builder.Entity<Club>().HasData(new Club { City = Kleinheubach""";"Name = ""Wasser-Sport-Gemeinschaft Kleinheubach""";"VNr = ""02-043""";NULL;"ShortName = ""WSG Kleinheubach"" });"
"builder.Entity<Club>().HasData(new Club { City = Koblenz""";"Name = ""Wassersportverein Koblenz-Metternich e.V.""";"VNr = ""13-009""";NULL;"ShortName = ""WSV Koblenz"" });"
"builder.Entity<Club>().HasData(new Club { City = Köln""";"Name = ""Kanusport Köln-Mülheim e.V.""";"VNr = ""10-177""";NULL;"ShortName = ""KS Köln"" });"
"builder.Entity<Club>().HasData(new Club { City = Konstanz""";"Name = ""Kanu-Club Konstanz 1932 e.V.""";"VNr = ""01-027""";NULL;"ShortName = ""KC Konstanz"" });"
"builder.Entity<Club>().HasData(new Club { City = Krefeld""";"Name = ""SC Bayer 05 Uerdingen e.V., Kanuabteilung""";"VNr = ""10-527""";NULL;"ShortName = ""SCB05 Uerdingen"" });"
"builder.Entity<Club>().HasData(new Club { City = Krefeld""";"Name = ""Krefelder Kanu-Klub 1927 e.V.""";"VNr = ""10-189""";NULL;"ShortName = ""Krefelder KK"" });"
"builder.Entity<Club>().HasData(new Club { City = Lampertheim""";"Name = ""Kanuakademie Lampertheim""";"VNr = ""07-126""";NULL;"ShortName = ""KA Lampertheim"" });"
"builder.Entity<Club>().HasData(new Club { City = Lampertheim""";"Name = ""KC 1952 Lampertheim""";"VNr = ""07-046""";NULL;"ShortName = ""KC Lampertheim"" });"
"builder.Entity<Club>().HasData(new Club { City = Lampertheim""";"Name = ""Kajak-Team Hessen Lampertheim e.V.""";"VNr = ""07-113""";NULL;"ShortName = ""KTH Lampertheim"" });"
"builder.Entity<Club>().HasData(new Club { City = Lampertheim""";"Name = ""Kanu-Club Altrhein am Leistungszentrum Mannheim e.V.""";"VNr = ""01-077""";NULL;"ShortName = ""KC Altrhein Mannheim"" });"
"builder.Entity<Club>().HasData(new Club { City = Lampertheim""";"Name = ""Wassersportverein 2002 am Leistungszentrum Mannheim e.V.""";"VNr = ""01-075""";NULL;"ShortName = ""WSV Mannheim"" });"
"builder.Entity<Club>().HasData(new Club { City = Lampertheim""";"Name = ""WSV Lampertheim""";"VNr = ""07-047""";NULL;"ShortName = ""WSV Lampertheim"" });"
"builder.Entity<Club>().HasData(new Club { City = Langenprozelten""";"Name = ""Paddel-Sport-Verein Langenprozelten""";"VNr = ""02-115""";NULL;"ShortName = ""PSV Langenprozelten"" });"
"builder.Entity<Club>().HasData(new Club { City = Leipzig""";"Name = ""Universitätssportclub Leipzig e. V.""";"VNr = ""15-052""";NULL;"ShortName = ""USC Leipzig"" });"
"builder.Entity<Club>().HasData(new Club { City = Leipzig""";"Name = ""Sportclub DHfK Leipzig e. V. - Abtl. Kanu -""";"VNr = ""15-008""";NULL;"ShortName = ""DHfK Leipzig"" });"
"builder.Entity<Club>().HasData(new Club { City = Leipzig""";"Name = ""Sportgemeinschaft Leipziger Verkehrsbetriebe e.V. Kanuabt.""";"VNr = ""15-046""";NULL;"ShortName = ""SG LVB"" });"
"builder.Entity<Club>().HasData(new Club { City = Lilienthal""";"Name = ""Turn- u. Sportverein Lilienthal v. 1862 e.V., Kanu-Abt.""";"VNr = ""09-134""";NULL;"ShortName = ""TuS Lilienthal"" });"
"builder.Entity<Club>().HasData(new Club { City = Limburg""";"Name = ""Kanuclub Limburg im ESV Blau Weiß""";"VNr = ""07-049""";NULL;"ShortName = ""KC Limburg"" });"
"builder.Entity<Club>().HasData(new Club { City = Löcknitz""";"Name = ""SV Einheit Löcknitz""";"VNr = ""08-006""";NULL;"ShortName = ""SV Löcknitz"" });"
"builder.Entity<Club>().HasData(new Club { City = Lohr""";"Name = ""TSV 1846 Lohr e.V. Kanuabt.""";"VNr = ""02-050""";NULL;"ShortName = ""TSV Lohr"" });"
"builder.Entity<Club>().HasData(new Club { City = Lübeck""";"Name = ""Lübecker Kanu- und Segelsport-Verein e.V.""";"VNr = ""17-019""";NULL;"ShortName = ""Lübecker KSV"" });"
"builder.Entity<Club>().HasData(new Club { City = Lübeck""";"Name = ""Lübecker Motor-Yacht-Club e.V., Kanuabtl.""";"VNr = ""17-056""";NULL;"ShortName = ""Lübecker MYC"" });"
"builder.Entity<Club>().HasData(new Club { City = Lübeck""";"Name = ""Kanu-Club Lübeck e.V.""";"VNr = ""17-057""";NULL;"ShortName = ""KC Lübeck"" });"
"builder.Entity<Club>().HasData(new Club { City = Lünen""";"Name = ""Kanu- u. Ski-Club Lünen e.V. 1949""";"VNr = ""10-408""";NULL;"ShortName = ""KSC Lünen"" });"
"builder.Entity<Club>().HasData(new Club { City = Magdeburg""";"Name = ""Wassersportverein Lok Magdeburg""";"VNr = ""16-061""";NULL;"ShortName = ""WSV Lok Magdeburg"" });"
"builder.Entity<Club>().HasData(new Club { City = Magdeburg""";"Name = ""Kanuteam Sachsen-Anhalt e.V.""";"VNr = ""16-059""";NULL;"ShortName = ""KT Sachsen-Anhalt"" });"
"builder.Entity<Club>().HasData(new Club { City = Magdeburg""";"Name = ""Sportclub Magdeburg e.V.""";"VNr = ""16-034""";NULL;"ShortName = ""SC Magdeburg"" });"
"builder.Entity<Club>().HasData(new Club { City = Magdeburg""";"Name = ""Wassersportverein Buckau-Fermersleben e.V., Kanuabtl.""";"VNr = ""16-010""";NULL;"ShortName = ""WSV Buckau"" });"
"builder.Entity<Club>().HasData(new Club { City = Magdeburg""";"Name = """"Kanu-Klub """"Börde"""" Magdeburg e.V.""""";"VNr = ""16-033""";NULL;"ShortName = ""KK Börde"" });"
"builder.Entity<Club>().HasData(new Club { City = Mainz""";"Name = ""Kanufreunde 1929 e.V. Mainz-Mombach""";"VNr = ""12-009""";NULL;"ShortName = ""KF Mainz"" });"
"builder.Entity<Club>().HasData(new Club { City = Mainz""";"Name = ""Kanu- u. Ski-Gesellschaft 1921 Mainz-Mombach""";"VNr = ""12-005""";NULL;"ShortName = ""KSG Mainz"" });"
"builder.Entity<Club>().HasData(new Club { City = Malchin""";"Name = ""Malchiner Kanu-Club e.V.""";"VNr = ""08-027""";NULL;"ShortName = ""Malchiner KC"" });"
"builder.Entity<Club>().HasData(new Club { City = Mannheim""";"Name = ""Kanu-Gesellschaft Mannheim-Neckarau""";"VNr = ""01-030""";NULL;"ShortName = ""KG Mannheim"" });"
"builder.Entity<Club>().HasData(new Club { City = Mannheim""";"Name = ""Paddel-Gesellschaft Mannheim e.V.""";"VNr = ""01-033""";NULL;"ShortName = ""PG Mannheim"" });"
"builder.Entity<Club>().HasData(new Club { City = Mannheim""";"Name = ""WSV Mannheim-Sandhofen e.V.""";"VNr = ""01-035""";NULL;"ShortName = ""WSV Mannheim"" });"
"builder.Entity<Club>().HasData(new Club { City = Markranstädt""";"Name = ""Kanu- und Freizeitclub Markranstädt e. V.""";"VNr = ""15-021""";NULL;"ShortName = ""KF Makranstädt"" });"
"builder.Entity<Club>().HasData(new Club { City = Marl""";"Name = ""TSV Marl-Hüls 1912 e.V.,Kanuabteilung""";"VNr = ""10-208""";NULL;"ShortName = ""TSV Marl-Hüls"" });"
"builder.Entity<Club>().HasData(new Club { City = Merzig""";"Name = ""Kanu-Club Merzig e.V.""";"VNr = ""14-004""";NULL;"ShortName = ""KC Merzig"" });"
"builder.Entity<Club>().HasData(new Club { City = Mettlach""";"Name = ""Kanu-Freunde Mettlach""";"VNr = ""14-005""";NULL;"ShortName = ""KF Mettlach"" });"
"builder.Entity<Club>().HasData(new Club { City = Mittweida""";"Name = ""Sächsischer Kanusportverein Mittweida e. V.""";"VNr = ""15-012""";"EMail = ""SKSV_Mittweida@web.de""";"ShortName = ""SKSV Mittweida"" });"
"builder.Entity<Club>().HasData(new Club { City = Mittweida""";"Name = ""Sportgemeinschaft Lauenhain e.V./Abtl. Kanu""";"VNr = ""15-065""";"EMail = ""korehnke@hs-mittweida.de""";"ShortName = ""SG Lauenhain"" });"
"builder.Entity<Club>().HasData(new Club { City = Mülheim""";"Name = ""DJK Ruhrwacht e.V. Mülheim/Ruhr""";"VNr = ""10-229""";NULL;"ShortName = ""DJK Mülheim"" });"
"builder.Entity<Club>().HasData(new Club { City = Mülheim""";"Name = ""Mülheimer Kanusport-Verein e.V.""";"VNr = ""10-234""";NULL;"ShortName = ""Mülheimer KV"" });"
"builder.Entity<Club>().HasData(new Club { City = München""";"Name = ""Kanu-Regattaverein München""";"VNr = ""02-155""";NULL;"ShortName = ""KRV München"" });"
"builder.Entity<Club>().HasData(new Club { City = München""";"Name = ""MTV München von 1879 Abt. Kanu""";"VNr = ""02-060""";NULL;"ShortName = ""MTV München"" });"
"builder.Entity<Club>().HasData(new Club { City = Nassau""";"Name = ""Nassauer Kanu-Club 1950 e.V.""";"VNr = ""13-012""";NULL;"ShortName = ""Nassauer KC"" });"
"builder.Entity<Club>().HasData(new Club { City = Neckarsulm""";"Name = ""Kanu-Team Baden-Württemberg""";"VNr = ""01-157""";NULL;"ShortName = ""KT BW"" });"
"builder.Entity<Club>().HasData(new Club { City = Neckarsulm""";"Name = ""Neckarsulmer Sport-Union""";"VNr = ""01-120""";NULL;"ShortName = ""Neckarsulmer SU"" });"
"builder.Entity<Club>().HasData(new Club { City = Nettetal""";"Name = ""Ruder-u.Kanu-Club Lobberich 1948 e.V.""";"VNr = ""10-202""";NULL;"ShortName = ""RKC Lobberich"" });"
"builder.Entity<Club>().HasData(new Club { City = Neubrandenburg""";"Name = ""Sportclub Neubrandenburg e.V., Abtl. Kanu""";"VNr = ""08-012""";NULL;"ShortName = ""SC Neubrandenburg"" });"
"builder.Entity<Club>().HasData(new Club { City = Neuburg""";"Name = ""Donau-Ruder-Club Neuburg Kanu""";"VNr = ""02-065""";NULL;"ShortName = ""DRC Neuburg"" });"
"builder.Entity<Club>().HasData(new Club { City = Neukloster""";"Name = ""VfL Blau-Weiß Neukloster""";"VNr = ""08-009""";NULL;"ShortName = ""VfL Blau-Weiß"" });"
"builder.Entity<Club>().HasData(new Club { City = Neumünster""";"Name = ""Erster Kanuklub Neumünster e.V.""";"VNr = ""17-021""";NULL;"ShortName = ""KK Neumünster"" });"
"builder.Entity<Club>().HasData(new Club { City = Neuruppin""";"Name = ""Kanu-Verein Neuruppin e.V.""";"VNr = ""04-003""";NULL;"ShortName = ""KV Neuruppin"" });"
"builder.Entity<Club>().HasData(new Club { City = Neuss""";"Name = ""Holzheimer Sportgemeinschaft 1920 e.V.""";"VNr = ""10-159""";NULL;"ShortName = ""Holzheimer SG"" });"
"builder.Entity<Club>().HasData(new Club { City = Neustrelitz""";"Name = ""Wassersportverein Einheit Neustrelitz, Abteilung Kanu""";"VNr = ""08-005""";NULL;"ShortName = ""WSV Neustrelitz"" });"
"builder.Entity<Club>().HasData(new Club { City = Neuwied""";"Name = ""Neuwieder Wassersportverein e.V.""";"VNr = ""13-014""";NULL;"ShortName = ""Neuwieder WSV"" });"
"builder.Entity<Club>().HasData(new Club { City = Niederkassel""";"Name = ""Wassersportverein Blau-Weiß Rheidt""";"VNr = ""10-261""";NULL;"ShortName = ""WSV Rheidt"" });"
"builder.Entity<Club>().HasData(new Club { City = Niegripp""";"Name = ""SG Blau-Weiß Niegripp e.V.""";"VNr = ""16-001""";NULL;"ShortName = ""SGBW Niegripp"" });"
"builder.Entity<Club>().HasData(new Club { City = Nürnberg""";"Name = ""Kanu-Verein Nürnberg""";"VNr = ""02-132""";NULL;"ShortName = ""KV Nürnberg"" });"
"builder.Entity<Club>().HasData(new Club { City = Oberhausen""";"Name = ""Kanu-Team 2000 e.V.""";"VNr = ""10-483""";NULL;"ShortName = ""KT 2000"" });"
"builder.Entity<Club>().HasData(new Club { City = Oberhausen""";"Name = ""Turnclub Sterkrade 1869 e.V. Oberhausen""";"VNr = ""10-248""";NULL;"ShortName = ""TC Sterkrade"" });"
"builder.Entity<Club>().HasData(new Club { City = Oberhausen""";"Name = ""Oberhausener Kanu-Verein v.1928 e.V.""";"VNr = ""10-246""";NULL;"ShortName = ""Oberhausender KV"" });"
"builder.Entity<Club>().HasData(new Club { City = Oberhausen""";"Name = ""Alstadener Kanu-Club e.V. Oberhausen""";"VNr = ""10-245""";NULL;"ShortName = ""Alstadener KC"" });"
"builder.Entity<Club>().HasData(new Club { City = Oberschleißheim""";"Name = ""Schleißheimer Paddelclub e.V.""";"VNr = ""02-166""";NULL;"ShortName = ""Schleißheimer PC"" });"
"builder.Entity<Club>().HasData(new Club { City = Osnabrück""";"Name = ""Wassersportverein Osnabrück e.V.""";"VNr = ""09-079""";NULL;"ShortName = ""WSV Osnabrück"" });"
"builder.Entity<Club>().HasData(new Club { City = Parum""";"Name = """"SG """"Blau-Weiß"""" Parum e.V. Sektion Kanu""""";"VNr = ""08-032""";NULL;"ShortName = ""SG BW Parum"" });"
"builder.Entity<Club>().HasData(new Club { City = Peitz""";"Name = ""Kanuverein Peitz e.V.""";"VNr = ""04-035""";NULL;"ShortName = ""KV Peitz"" });"
"builder.Entity<Club>().HasData(new Club { City = Petershagen""";"Name = ""KSV Kenterpreis Windheim e.V.""";"VNr = ""10-477""";NULL;"ShortName = ""KSV Windheim"" });"
"builder.Entity<Club>().HasData(new Club { City = Pirna""";"Name = ""Sportverein Grün-Weiß Pirna e.V. Kanuabt.""";"VNr = ""15-031""";NULL;"ShortName = ""SV GW Prina"" });"
"builder.Entity<Club>().HasData(new Club { City = Plön""";"Name = ""Wassersportverein Plön-Fegetasche e.V.""";"VNr = ""17-024""";NULL;"ShortName = ""WSV Plön"" });"
"builder.Entity<Club>().HasData(new Club { City = Potsdam""";"Name = ""Preussen-Kanu im OSC Luftschiffhafen e.V. Potsdam""";"VNr = ""04-005""";NULL;"ShortName = ""OSC LH Potsdam"" });"
"builder.Entity<Club>().HasData(new Club { City = Potsdam""";"Name = ""Wassersportfreunde Pirschheide e.V. Abtl. Kanu""";"VNr = ""04-018""";NULL;"ShortName = ""WSF Pirschheide"" });"
"builder.Entity<Club>().HasData(new Club { City = Potsdam""";"Name = ""Kanu Club Potsdam im OSC Luftschiffhafen e.V.""";"VNr = ""04-007""";NULL;"ShortName = ""KC Potsdam"" });"
"builder.Entity<Club>().HasData(new Club { City = Preetz""";"Name = ""Preetzer Turn- und Sportverein e.V. - Kanuabt.""";"VNr = ""17-026""";NULL;"ShortName = ""Preetzer TuS"" });"
"builder.Entity<Club>().HasData(new Club { City = Prenzlau""";"Name = ""Sport Club Blau Weiß Energie Prenzlau e.V.""";"VNr = ""04-032""";NULL;"ShortName = ""S BW Prenzlau"" });"
"builder.Entity<Club>().HasData(new Club { City = Radevormwald""";"Name = ""Kanusportverein Radevormwald/Remscheidt e.V.""";"VNr = ""10-480""";NULL;"ShortName = ""KV Radevormwald"" });"
"builder.Entity<Club>().HasData(new Club { City = Raisdorf""";"Name = ""Raisdorfer Kanu-Klub e.V.""";"VNr = ""17-031""";NULL;"ShortName = ""Raisdorfer KK"" });"
"builder.Entity<Club>().HasData(new Club { City = Rastatt""";"Name = ""Rastatter Kanu-Club 1925 e.V.""";"VNr = ""01-043""";NULL;"ShortName = ""Rastatter KC"" });"
"builder.Entity<Club>().HasData(new Club { City = Rathenow""";"Name = ""Rathenower Wassersportverein Kanu 1922 e.V.""";"VNr = ""04-017""";NULL;"ShortName = ""Rathenower WSV"" });"
"builder.Entity<Club>().HasData(new Club { City = Raunheim""";"Name = ""EURO CANOE SPORT TEAM 2000 RAUNHEIM e.V.""";"VNr = ""07-111""";NULL;"ShortName = ""ECST Raunheim"" });"
"builder.Entity<Club>().HasData(new Club { City = Raunheim""";"Name = ""KCW 1955 Raunheim""";"VNr = ""07-061""";NULL;"ShortName = ""KCW Raunheim"" });"
"builder.Entity<Club>().HasData(new Club { City = Recklinghausen""";"Name = ""TuWSV e.V. Recklinghausen-Süd, Kanuabteilung""";"VNr = ""10-258""";NULL;"ShortName = ""TuWSV Recklinghausen"" });"
"builder.Entity<Club>().HasData(new Club { City = Regensburg""";"Name = ""Regensburger Ruderverein Faltbootabteilung""";"VNr = ""02-081""";"EMail = ""asdfsdaf@sfasf.de""";"ShortName = ""Regensburger RV"" });"
"builder.Entity<Club>().HasData(new Club { City = Rendsburg""";"Name = ""Rendsburger Kanu-Club e.V.""";"VNr = ""17-027""";NULL;"ShortName = ""Rendsburger KC"" });"
"builder.Entity<Club>().HasData(new Club { City = Rheine""";"Name = ""Wassersportverein Rheine 1932 e.V.""";"VNr = ""10-265""";NULL;"ShortName = ""WSV Rheine"" });"
"builder.Entity<Club>().HasData(new Club { City = Rheine""";"Name = ""Paddel- und Radsportclub Emsstern Rheine 1933 e.V.""";"VNr = ""10-264""";NULL;"ShortName = ""PRSC Emsstem"" });"
"builder.Entity<Club>().HasData(new Club { City = Rheine""";"Name = ""Kanu-Club Rheine 1950 e.V.""";"VNr = ""10-263""";NULL;"ShortName = ""KC Rheine"" });"
"builder.Entity<Club>().HasData(new Club { City = Rheinsheim""";"Name = ""KV Bruhrain Rheinsheim e.V.""";"VNr = ""01-039""";NULL;"ShortName = ""KV Bruhrain"" });"
"builder.Entity<Club>().HasData(new Club { City = Riesa""";"Name = ""Sportclub Riesa e.V. Kanuabt.""";"VNr = ""15-045""";NULL;"ShortName = ""SC Riesa"" });"
"builder.Entity<Club>().HasData(new Club { City = Riesa""";"Name = ""Riesaer Wassersportverein e.V.""";"VNr = ""15-028""";NULL;"ShortName = ""Riesaer WSV"" });"
"builder.Entity<Club>().HasData(new Club { City = Rogätz""";"Name = ""Sportclub Kanu Rogätz e.V.""";"VNr = ""16-039""";NULL;"ShortName = ""SC Rogätz"" });"
"builder.Entity<Club>().HasData(new Club { City = Rosenheim""";"Name = ""Kajak-Klub Rosenheim""";"VNr = ""02-084""";NULL;"ShortName = ""KK Rosenheim"" });"
"builder.Entity<Club>().HasData(new Club { City = Rosenthal""";"Name = ""WSV Rosenthal e.V. Abt. Kanurennsport""";"VNr = ""18-024""";NULL;"ShortName = ""WSV Rosenthal"" });"
"builder.Entity<Club>().HasData(new Club { City = Rostock""";"Name = ""Kanufreunde Rostocker Greif e.V.""";"VNr = ""08-015""";NULL;"ShortName = ""KF Rostocker Greif"" });"
"builder.Entity<Club>().HasData(new Club { City = Rostock""";"Name = ""Sportverein Breitling e.V.""";"VNr = ""08-007""";NULL;"ShortName = ""SV Breitling"" });"
"builder.Entity<Club>().HasData(new Club { City = Rostock""";"Name = ""Rostocker Kanu-Club e.V.""";"VNr = ""08-016""";NULL;"ShortName = ""Rostocker KC"" });"
"builder.Entity<Club>().HasData(new Club { City = Rüsselsheim""";"Name = ""WSV ‚Undine' Rüsselsheim""";"VNr = ""07-064""";NULL;"ShortName = ""WSV Rüsselsheim"" });"
"builder.Entity<Club>().HasData(new Club { City = Saarbrücken""";"Name = ""Saarbrücker Kanu-Club e.V.""";"VNr = ""14-007""";NULL;"ShortName = ""Saarbrücker KC"" });"
"builder.Entity<Club>().HasData(new Club { City = Saarbrücken""";"Name = ""Kanu-Wanderer Saarbrücken e.V.""";"VNr = ""14-006""";NULL;"ShortName = ""KW Saarbrücken"" });"
"builder.Entity<Club>().HasData(new Club { City = Saarbrücken""";"Name = ""VfK Saar""";"VNr = ""14-003""";NULL;"ShortName = ""VfK Saar"" });"
"builder.Entity<Club>().HasData(new Club { City = Saarbrücken""";"Name = ""Verein zur Förderung des Jugendsports Saar, Abteilung Kanu""";"VNr = ""14-015""";NULL;"ShortName = ""VzFJ Saar"" });"
"builder.Entity<Club>().HasData(new Club { City = Saarlouis""";"Name = ""Kanu-Club Undine Saarlouis""";"VNr = ""14-008""";NULL;"ShortName = ""KC Saarlouis"" });"
"builder.Entity<Club>().HasData(new Club { City = Salzgitter""";"Name = ""Kanu-Club Salzgitter e.V.""";"VNr = ""09-087""";NULL;"ShortName = ""KC Salzgitter"" });"
"builder.Entity<Club>().HasData(new Club { City = Sandersdorf""";"Name = ""Sandersdorfer Kanu-Verein""";"VNr = ""16-056""";NULL;"ShortName = ""Sandersdorfer KV"" });"
"builder.Entity<Club>().HasData(new Club { City = Schönebeck""";"Name = ""Schönebecker Sportclub e.V., Kanuabt.""";"VNr = ""16-037""";NULL;"ShortName = ""Schönebecker SC"" });"
"builder.Entity<Club>().HasData(new Club { City = Schönebeck""";"Name = ""SG Lok Schönebeck""";"VNr = ""16-042""";NULL;"ShortName = ""SG Lok Schönebeck"" });"
"builder.Entity<Club>().HasData(new Club { City = Schwedt""";"Name = ""Wassersport PCK Schwedt e.V., Abtl. Kanu""";"VNr = ""04-043""";NULL;"ShortName = ""WS PCK Schwedt"" });"
"builder.Entity<Club>().HasData(new Club { City = Schwerin""";"Name = ""Kanurenngemeinschaft Schwerin e.V.""";"VNr = ""08-003""";NULL;"ShortName = ""KRG Schwerin"" });"
"builder.Entity<Club>().HasData(new Club { City = Schwerte""";"Name = ""Kanu-und Surf-Verein Schwerte e.V.""";"VNr = ""10-272""";NULL;"ShortName = ""KSV Schwerte"" });"
"builder.Entity<Club>().HasData(new Club { City = Schwörstadt""";"Name = ""WSV e.V. Rheinstrom Schwörstadt Hochrhein""";"VNr = ""01-046""";NULL;"ShortName = ""WSV Schwörstadt"" });"
"builder.Entity<Club>().HasData(new Club { City = Spremberg""";"Name = ""Sportgemeinschaft Einheit Spremberg e.V., Kanuabt.""";"VNr = ""04-014""";NULL;"ShortName = ""SG Spremberg"" });"
"builder.Entity<Club>().HasData(new Club { City = Springe""";"Name = ""Kanu-Club Springe e.V.""";"VNr = ""09-093""";NULL;"ShortName = ""KC Springe"" });"
"builder.Entity<Club>().HasData(new Club { City = Stahnsdorf""";"Name = ""Aktiv e.V., Abtl. Parakanu""";"VNr = ""04-048""";NULL;"ShortName = ""Aktiv Stahnsdorf"" });"
"builder.Entity<Club>().HasData(new Club { City = Stralsund""";"Name = ""Stralsunder Kanu-Club e.V.""";"VNr = ""08-001""";NULL;"ShortName = ""Stralsunder KC"" });"
"builder.Entity<Club>().HasData(new Club { City = Stuttgart""";"Name = ""KG Stuttgart e.V.""";"VNr = ""01-128""";NULL;"ShortName = ""KG Stuttgart"" });"
"builder.Entity<Club>().HasData(new Club { City = Templin""";"Name = ""Kanusportverein Templin e.V.""";"VNr = ""04-011""";NULL;"ShortName = ""KSV Templin"" });"
"builder.Entity<Club>().HasData(new Club { City = Trier""";"Name = ""Trierer Kanu-Fahrer 1948 e.V.""";"VNr = ""13-018""";NULL;"ShortName = ""Trierer KF"" });"
"builder.Entity<Club>().HasData(new Club { City = Troisdorf""";"Name = ""Kanu-Klub Pirat e.V. Bergheim/Sieg""";"VNr = ""10-012""";NULL;"ShortName = ""KK Pirat Bergheim"" });"
"builder.Entity<Club>().HasData(new Club { City = Verden""";"Name = ""Wassersportverein Verden e.V.""";"VNr = ""09-100""";NULL;"ShortName = ""WSV Verden"" });"
"builder.Entity<Club>().HasData(new Club { City = Voerde""";"Name = ""Kanu-Club Friedrichsfeld e.V.""";"VNr = ""10-118""";NULL;"ShortName = ""KC Friedrichsfeld"" });"
"builder.Entity<Club>().HasData(new Club { City = Waren""";"Name = ""Müritzsportclub Waren e.V., Abtl. Kanu""";"VNr = ""08-013""";NULL;"ShortName = ""MSC Waren"" });"
"builder.Entity<Club>().HasData(new Club { City = Wehr""";"Name = ""Kanu Sport Wehr e.V.""";"VNr = ""01-206""";NULL;"ShortName = ""KS Wehr"" });"
"builder.Entity<Club>().HasData(new Club { City = Wengelsdorf""";"Name = ""SV 1919 Wacker Wengelsdorf/Abt. Kanurennsport""";"VNr = ""16-063""";NULL;"ShortName = ""SV Wacker"" });"
"builder.Entity<Club>().HasData(new Club { City = Wesenberg""";"Name = ""SV Union Wesenberg, Abtl. Kanu""";"VNr = ""08-021""";NULL;"ShortName = ""SV Wesenberg"" });"
"builder.Entity<Club>().HasData(new Club { City = Wiesbaden""";"Name = ""Wassersport-Verein Schierstein 1921 e.V.""";"VNr = ""07-073""";NULL;"ShortName = ""WSV Schierstein"" });"
"builder.Entity<Club>().HasData(new Club { City = Wilhelmshaven""";"Name = ""Wilhelmshavener Kanu-Freunde 1950 e.V.""";"VNr = ""09-108""";NULL;"ShortName = ""Wilhelmshavener KF"" });"
"builder.Entity<Club>().HasData(new Club { City = Wismar""";"Name = ""Turn- und Sportgemeinschaft Wismar""";"VNr = ""08-002""";NULL;"ShortName = ""TuS Wismar"" });"
"builder.Entity<Club>().HasData(new Club { City = Witten""";"Name = ""Kanu-Club Witten e.V.""";"VNr = ""10-305""";NULL;"ShortName = ""KC Witten"" });"
"builder.Entity<Club>().HasData(new Club { City = Wittenberge""";"Name = ""Wassersportverein Wittenberge e.V.""";"VNr = ""04-029""";NULL;"ShortName = ""WSV Wittenberge"" });"
"builder.Entity<Club>().HasData(new Club { City = Wolfsburg""";"Name = ""Wolfsburger Kanu-Club e.V.""";"VNr = ""09-111""";NULL;"ShortName = ""Wolfsburger KC"" });"
"builder.Entity<Club>().HasData(new Club { City = Wolmirstedt""";"Name = ""Wolmirstedter KV""";"VNr = ""16-011""";NULL;"ShortName = ""Wolmirstedter KV"" });"
"builder.Entity<Club>().HasData(new Club { City = Worms""";"Name = ""Wassersportverein Worms e.V.""";"VNr = ""12-014""";NULL;"ShortName = ""WSV Worms"" });"
"builder.Entity<Club>().HasData(new Club { City = Wuppertal""";"Name = ""Verein für Kanusport e.V. Wuppertal""";"VNr = ""10-314""";NULL;"ShortName = ""VK Wuppertal"" });"
"builder.Entity<Club>().HasData(new Club { City = Wuppertal""";"Name = ""Wuppertaler Kanu-Club e.V.""";"VNr = ""10-315""";NULL;"ShortName = ""Wuppertaler KC"" });"
"builder.Entity<Club>().HasData(new Club { City = Wuppertal""";"Name = ""Wuppertaler Paddler-Gilde e.V.""";"VNr = ""10-316""";NULL;"ShortName = ""Wuppertaler PG"" });"
"builder.Entity<Club>().HasData(new Club { City = Wuppertal""";"Name = ""ESV Wuppertal Ost e.V., Kanuabteilung""";"VNr = ""10-311""";NULL;"ShortName = ""ESV Wuppertal"" });"
"builder.Entity<Club>().HasData(new Club { City = Wuppertal""";"Name = ""Kanu-Sport-Gemeinschaft Wuppertal e.V.""";"VNr = ""10-312""";NULL;"ShortName = ""KSG Wuppertal"" });"
"builder.Entity<Club>().HasData(new Club { City = Würzburg""";"Name = ""Kanurennsport Verein Bayern""";"VNr = ""02-163""";NULL;"ShortName = ""KRV Bayern"" });"
"builder.Entity<Club>().HasData(new Club { City = Würzburg""";"Name = ""Kanu-Club Würzburg""";"VNr = ""02-100""";NULL;"ShortName = ""KC Würzburg"" });"
"builder.Entity<Club>().HasData(new Club { City = Würzburg""";"Name = ""TG Würzburg Heidingsfeld Kanuabt.""";"VNr = ""02-101""";NULL;"ShortName = ""TG Würzburg"" });"
"builder.Entity<Club>().HasData(new Club { City = Wurzen""";"Name = ""Sportgemeinschaft Lokomotive Wurzen e.V.""";"VNr = ""15-007""";NULL;"ShortName = ""SG Lok Wurzen"" });"
"builder.Entity<Club>().HasData(new Club { City = Wusterwitz""";"Name = ""Blau Weiß Wusterwitz e.V., Abtl. Kanu""";"VNr = ""04-019""";NULL;"ShortName = ""BW Wusterwitz"" });"
"builder.Entity<Club>().HasData(new Club { City = Platzhalter""";"Name = ""Platzhalter""";"VNr = ""00-000""";NULL;"ShortName = ""Platzhalter"" });"
